jan,棚札
8991906242620,264
8991906242613,263
8991906242606,262
8888075055970,51
8888075055949,53
8888075054812,2
8888075054782,1
8888075051682,6
8888075051651,5
8888075051620,3
8888075051590,4
8888075051118,27
8888075049221,26
8888075049214,16
8888075049207,15
8888075049191,25
8888075049184,29
8888075049177,28
8888075049153,30
8888075049146,31
8888075049139,14
8888075049115,10
8888075049108,8
8888075049092,13
8888075049085,12
8888075049078,11
8888075048255,9
8888075047128,7
8888075046916,76
8888075046459,54
8888075046374,57
8888075043397,55
8888075043335,56
8888075042499,38
8888075042468,37
8888075042406,33
8888075042376,35
8888075042345,36
8888075042314,32
8888075042284,34
8888075035309,79
8888075029582,60
8888075029186,58
8888075029155,59
8888075028752,77
8888075028721,78
8888075019873,49
8888075019866,50
8888075019859,52
8888075018692,87
8888075018258,85
8888075015899,86
8888075012089,83
8888075011884,84
8888075011600,80
8888075007412,82
8888075007399,81
7622100832102,257
7622100832010,173
7622100831983,189
7622100831754,222
7622100831723,174
7622100831617,224
7622100831501,195
7622100831471,175
7622100831259,180
7622100831037,179
7622100831006,198
7622100830979,187
7622100830948,197
7622100830917,196
7622100830887,192
7622100830856,193
7622100830825,186
7622100830795,188
7622100830764,190
7622100830733,194
7622100830702,191
7622100830603,221
7622100830573,223
7622100830542,182
7622100830252,214
7622100829355,213
7622100829324,212
7622100829287,200
7622100829027,169
7622100828990,176
7622100828969,185
7622100828938,184
7622100828907,181
7622100828877,183
7622100828747,206
7622100828723,178
7622100828662,204
7622100828655,171
7622100828631,177
7622100828518,172
7622100828488,170
7622100828457,203
7622100828419,205
7622100827955,207
7622100827818,215
7622100827788,216
7622100827757,208
7622100827429,201
7622100827054,202
7622100826989,199
7622100826644,211
7622100826507,220
7622100826460,219
7622100826408,210
7622100826361,209
76164651,254
49402575,230
49401608,228
49401561,130
49401523,162
49401509,240
49401493,69
49401455,68
49401394,163
49401387,106
49401370,238
49401301,158
49401264,124
49401257,156
49401233,67
49401226,113
49401219,161
49401189,110
49401172,112
49401165,48
49401141,218
49401134,129
49401097,159
49401073,114
49401028,108
49400991,225
49400977,167
49400946,147
49400939,104
49400892,160
49400885,239
49400878,127
49400823,146
49400816,111
49400786,101
49400779,168
49400762,103
49400731,157
49400724,226
49400625,241
49400618,105
49400601,148
49400526,231
49400502,125
49400465,217
49400403,100
49400397,145
49400359,229
49400281,107
49400250,242
49400199,243
49400175,126
49400151,109
49400137,128
49400106,237
45214462,144
45214455,143
45214448,142
45214431,141
45214424,140
45214295,93
45214288,91
45214271,89
45214257,120
45214233,24
45214226,22
45214219,21
45214202,19
45214196,20
45214189,18
45214172,17
45214134,96
45214127,94
45214073,152
45214059,151
45214042,150
45214035,149
45214004,119
45213984,118
45213953,116
45213946,115
45213939,95
45213915,92
45213908,90
45213892,71
45213878,133
45213854,137
45213847,139
45213830,138
45213748,117
45213717,23
45213694,70
45213687,41
45213656,46  47
45213649,43
45213625,44
45213618,45
45213601,42
45213496,136
45213489,135
45213472,134
45213465,132
45213458,131
45202773,232
45202766,261
45202681,72
45202674,155
45202667,65
45202315,154
45202261,66
45162947,260
45162855,73   246
45150944,259
45150845,255
45150838,245
45143489,74  247
45143472,256
45143403,75  248
45113697,102
45113659,153
45113642,121
45113635,123
45108167,122
45108150,166
45099762,253
45097126,244
080300221572,165
02876326,235
02874629,236
02871622,258
02854324,250
02853820,249
02853723,251
02853422,252
02814928,233
02812522,234
02797924,63
02797021,40
02792424,39
02787820,99
02786025,61
02783125,62
02782621,64
02722027,98
02721523,97
027200509508,88
01239730,227
01231039,164