商品コード,設置番号
8888075051620,1 2
8888075051590,3 4
8888075051651,5
8888075051682,6
8888075051118,7
8888075051149,8
7622100828488,9
7622100829027,10
7622100828655,11
7622100828518,12
7622100832010,13
7622100831723,14
7622100831471,15
7622100828990,16
7622100828631,17
7622100828723,18
8888075049108,19
8888075047128,20
8888075049078,21
8888075049115,22
8888075048255,23
8888075049085,24
8888075049092,25
8888075049139,26
8888075049191,27
8888075049207,28
8888075049214,29
8888075049221,30
45213557,31
45213564,32
45213571,33
45213588,34
45213779,35
45213755,36
45213762,37
45213786,38
45213687,39
45213595,40
45213601,41
45213632,42
7622100830825,43
7622100830979,44
7622100831891,45
7622100831037,46
7622100831259,47
7622100828938,48
7622100828969,49
7622100828877,50
7622100828907,51
7622100830542,52
8888075049177,53
8888075049184,54
8888075049153,55
8888075049146,56
8888075042284,57
8888075042406,58
8888075042345,59
8888075042376,60
8888075042499,61
8888075042468,62
8888075018692,63
8888075015899,64
49401455,65
49401493,66
45202179,67
49401165,68
45213694,69
45213892,70
45202803,71
45202681,72
45213625,73
45213649,74
45213618,75
45213656,76
7622100830795,77
7622100830764,78
7622100830702,79
7622100830887,80
7622100830856,81
7622100830733,82
7622100831501,83
7622100830917,84
7622100830948,85
7622100831006,86
8888075043397,87
8888075043335,88
27200509508,89
02786025,90
02783125,91
02797924,92
02782621,93
8888075011600,94
8888075007399,95
8888075007412,96
8888075012089,97
8888075011884,98
49401233,99
45113659,100
45202315,101
45202674,102
45214035,103
45214042,104
45214059,105
45214073,106
49400823,107
49400946,108
49400397,109
49400601,110
7622100826279,111
7622100827337,112
7622100827481,113
7622100827429,114
7622100827054,115
7622100828457,116
7622100828662,117
7622100828419,118
7622100828747,119
45143489,120
02725228,121
02751029,122
02787820,123
8888075029582,124
02792424,125
02797021,126
02737922,127
8888075019873,128
8888075019866,129
8888075019859,130
8888075029186,131
8888075029155,132
49400403,133
49400786,134
45113697,135
49400762,136
49400939,137
49400618,138
49401387,139
49400281,140
49401028,141
49400151,142
49401189,143
49400816,144
7622100826989,145
7622100829287,146
7622100828549,147
7622100828594,148
7622100827757,149
7622100827818,150
7622100830252,151
7622100827788,152
7622100827955,153
45162848,154
02721523,155
02722027,156
8888075028752,157
8888075028721,158
8888075035309,159
8888075046916,160
8888075046947,161
8888075046978,162
49400878,163
49401059,164
49400502,165
45108167,166
45113642,167
45113635,168
49401646,169
49401134,170
49400243,171
45213458,172
45213465,173
45213878,174
45213472,175
49401172,176
49401226,177
49401073,178
49400106,179
49401370,180
49400885,181
49401509,182
49400625,183
49400250,184
49400199,185
45097126,186
45150838,187
45162855,188
45213908,189
45214288,190
45213915,191
45214295,192
45214127,193
49401257,194
49400731,195
49401301,196
49400892,197
49401219,198
49401523,199
49401004,200
49401394,201
45202407,202
45213854,203
45213830,204
45214455,205
45213847,206
45214462,207
45213489,208
45213496,209
45214424,210
45214431,211
45214448,212
02853820,213
02854324,214
45143403,215
02853723,216
02853422,217
45099731,218
45162862,219
7622100831754,220
7622100832102,221
45188855,222
45214271,223
45213939,224
45214134,225
45213946,226
45213953,227
45213748,228
45213984,229
45214004,230
45214257,231
45202667,232
45202261,233
49401035,234
49400373,235
49401608,236
49400847,237
49401578,238
49400465,239
49401141,240
49400359,241
49402575,242
45202766,243
45202773,244
80300221572,245
49400991,246
02871622,247
02832429,248
45150944,249
02812522,250
02876326,251
02840020,252
7622100829324,253
7622100826408,254
7622100826644,255
7622100829355,256
2786025,90
2783125,91
2797924,92
2782621,93
2725228,121
2751029,122
2787820,123
2792424,125
2797021,126
2737922,127
2721523,155
2722027,156
2853820,213
2854324,214
2853723,216
2853422,217
2871622,247
2832429,248
2812522,250
2876326,251
2840020,252
027200509508,89
080300221572,245