JAN����,�t�F�C�X�ԍ�
8888075054782,1
8888075054812,2
8888075051620,3
8888075051590,4
8888075051651,5
8888075051682,6
8888075049191,7
8888075049207,8
7622100827337,9
7622100827481,10
7622100827429,11
7622100827054,12
7622100828457,13
7622100828662,14
7622100828419,15
7622100828747,16
7622100829287,17
7622100831891,18
8888075049108,19
8888075047128,20
8888075049115,21
8888075048255,22
8888075049214,23
8888075049221,24
8888075051118,25
8888075051149,26
8888075049184,27
8888075049146,28
8888075049153,29
8888075049177,30
49401455,31 32
45213687,33
45213595,34
45213632,35 36
45213601,37 38
45213649,39
45213618,40
45213656,41
45213779,42
7622100828488,43
7622100829027,44
7622100828655,45
7622100828518,46
7622100832010,47
7622100831723,48
7622100831471,49
7622100828990,50
7622100828631,51
7622100828723,52
8888075049078,53
8888075049085,54
8888075049092,55
8888075042284,56
8888075042345,57
8888075042376,58
8888075042468,59
8888075012089,60
8888075011884,61
8888075018258,62
8888075015899,63
8888075018692,64
45202681,65
49401165,66
45213694,67
45213892,68
45214172,69
45214189,70
45214196,71
45214202,72
45214219,73
45214226,74
45213717,75
45214233,76
7622100830825,77
7622100830979,78
7622100830795,79
7622100831037,80
7622100831259,81
7622100828938,82
7622100828969,83
7622100828877,84
7622100828907,85
7622100830542,86
02792424,87
02797021,88
02737922,89
8888075029582,90
02786025,91
02783125,92
02797924,93
02782621,94
027200509508,95
8888075011600,96
8888075007399,97
8888075007412,98
49400403,99
49400786,100
45113697,101
49400762,102
49400939,103
49400618,104
49401387,105
49400281,106
49401028,107
49400151,108
49401189,109
49400816,110
7622100830764,111
7622100831983,112
7622100830702,113
7622100830887,114
7622100830856,115
7622100830733,116
7622100831501,117
7622100830917,118
7622100830948,119
7622100831006,120
8888075046916,121
8888075046947,122
8888075046978,123
8888075019873,124
8888075019866,125 126
8888075019859,127 128
8888075046459,129
8888075029186,130
8888075043397,131
8888075043335,132
49401172,133
49401226,134
49401073,135
45108167,136
45113635,137 138
49400502,139 140
49400175,141 142
45214455,143
45214462,144
7622100827757,145
7622100827818,146
7622100827955,147
49400106,148
49401370,149
49400885,150
49401509,151
45099700,152
45143489,153
45150838,154
02725228,155
02723220,156
02751029,157
02721523,158
02722027,159
8888075028752,160
8888075028721,161
8888075035309,162
49400397,163
49400823,164
49400946,165
49401417,166
45213458,167
45213465,168
45213878,169 170
45213496,171
45213854,172
45213830,173 174
45213847,175
45214424,176
45214431,177
45214448,178
02853820,179
02854324,180
02853723,181
02853422,182
49400625,183
49400250,184
49400199,185
45097126,186
45162855,187
45162848,188
49401257,189
49400731,190
49401301,191
49401097,192
49400892,193
49401219,194
49401523,195
49400298,196
49401004,197
49401660,198
49401394,199
49400373,200
49401608,201 202
49400847,203 204
45214035,205
45214073,206 207
45214042,208
45214059,209
45202315,210 211
45202674,212
45143403,213
02813026,214
02823926,215
76164651,216
76239953,217
45188824,218
7622100832102,219
7622100826460,220
7622100826507,221
7622100830603,222
45214271,223
45213908,224
45214288,225
45213915,226
45214295,227
45214127,228
45213939,229
45214134,230
45213946,231
45213953,232
45213748,233
45213984,234
45214004,235
45214257,236
49400465,237
49401141,238
49400359,239
49402575,240
49400182,241
45202766,242 243
080300221572,244 245
49400991,246
02871622,247
02832429,248
45097102,249
45150944,250
02812522,251
02874629,252
7622100826361,253
7622100826644,254
7622100829324,255
7622100829355,256
2792424,87
2797021,88
2737922,89
2786025,91
2783125,92
2797924,93
2782621,94
27200509508,95
2725228,155
2723220,156
2751029,157
2721523,158
2722027,159
2853820,179
2854324,180
2853723,181
2853422,182
2813026,214
2823926,215
80300221572,244 245
2871622,247
2832429,248
2812522,251
2874629,252
