JANｺｰﾄﾞ,フェイス番号
8888075051620,1
8888075051590,2
8888075051651,3
8888075051682,4
8888075049177,5
8888075049184,6
8888075049153,7
8888075049146,8
7622100828488,9
7622100829027,10
7622100828655,11
7622100828518,12
7622100832010,13
7622100831723,14
7622100831471,15
7622100828990,16
7622100828631,17
7622100828723,18
8888075049139,19
8888075049191,20
8888075049207,21
8888075049214,22
8888075051118,23
8888075049221,24
8888075051149,25
8888075051149,26
8888075042314,27
8888075042284,28
8888075042376,29
8888075042345,30
45213557,31
45213564,32
45213588,33
45213755,34
45213762,35
45213786,36
45213779,37
45213687,38
45213595,39
45213601,40
45213632,41
45213649,42
7622100830825,43
7622100830979,44
7622100831891,45
7622100831037,46
7622100831259,47
7622100828938,48
7622100828969,49
7622100828877,50
7622100828907,51
7622100830542,52
8888075049108,53
8888075047128,54
8888075049078,55
8888075049115,56
8888075048255,57
8888075049085,58
8888075049092,59
8888075042406,60
8888075042550,61
8888075042468,62
8888075042499,63
8888075018692,64
45113659,65
45202315,66
49401455,67
49401493,68
45202995,69
45202803,70
49401165,71
45213694,72
45213892,73
45213625,74
45213656,75
45213618,76
7622100830795,77
7622100830764,78
7622100830702,79
7622100830887,80
7622100830856,81
7622100830733,82
7622100831501,83
7622100831006,84
7622100830917,85
7622100830948,86
02792424,87
02797021,88
02786025,89
02783125,90
02797924,91
02782621,92
8888075011600,93
8888075007399,94
8888075007412,95
8888075012089,96
8888075011884,97
8888075015899,98
45202674,99
45214035,100
45214042,101
45214059,102
45214073,103
49400397,104
49400823,105
49401677,106
49400946,107
49400601,108
49401417,109
49401134,110
7622100828457,111
7622100828662,112
7622100828808,113
7622100828358,114
7622100827818,115
7622100830252,116
7622100827788,117
7622100827955,118
45150838,119
45162855,120
02737922,121
8888075029582,122
8888075019873,123
8888075019866,124
8888075019859,125
8888075046459,126
8888075043397,127
8888075043335,128
8888075046374,129
8888075043366,130
8888075029186,131
8888075029155,132
49401172,133
49401226,134
49401073,135
49400151,136
49401189,137
49400816,138
49401387,139
49400281,140
49401028,141
49400762,142
49400939,143
49400618,144
49400106,145
49401370,146
49400885,147
49401509,148
45099700,149
49400625,150
49400250,151
49400199,152
45097126,153
45162848,154
02725228,155
02723220,156
02751029,157
02721523,158
02722027,159
8888075028752,160
8888075028721,161
8888075046978,162
45113642,163
45108167,164
45113635,165
49401646,166
49400878,167
49400502,168
49400175,169
49400403,170
49400786,171
45113697,172
45213458,173
45213465,174
45213878,175
45213472,176
45213496,177
49401561,178
02853820,179
02854324,180
02853723,181
02853422,182
02813026,183
02823926,184
45099731,185
02843027,186
45143489,187
45175503,188
45213908,189
45214288,190
45213915,191
45214295,192
45214127,193
49401257,194
49400731,195
49401301,196
49401097,197
49400892,198
49401219,199
49401523,200
49401004,201
49401660,202
49401394,203
45214424,204
45214431,205
45214448,206
45214455,207
45214462,208
45213854,209
45213830,210
45213847,211
45213489,212
45143403,213
76239953,214
45188817,215
7622100826361,216
7622100826408,217
7622100826644,218
7622100829324,219
7622100829355,220
7622100826460,221
7622100826507,222
45214271,223
45213939,224
45214134,225
45213946,226
45213953,227
45213748,228
45213984,229
45214004,230
45214257,231
45202667,232
45202261,233
49400373,234
49401608,235
49400847,236
49400465,237
49401141,238
49402575,239
45202766,240
45202773,241
49401615,242
080300221572,243
45108150,244
49400991,245
49400359,246
45097102,247
45150845,248
02812522,249
02876326,250
02874629,251
02840020,252
7622100831754,253
7622100830573,254
7622100831617,255
7622100832102,256
2792424,87
2797021,88
2786025,89
2783125,90
2797924,91
2782621,92
2737922,121
2725228,155
2723220,156
2751029,157
2721523,158
2722027,159
2853820,179
2854324,180
2853723,181
2853422,182
2813026,183
2823926,184
2843027,186
80300221572,243
2812522,249
2876326,250
2874629,251
2840020,252